brand,model,price
ASHOK LEYLAND,Ashok Leyland Stile,Rs.9.56 Lakh* (Price in New Delhi)
ASTON MARTIN,Aston Martin DB12,Rs.4.59 Cr* (Price in New Delhi)
ASTON MARTIN,Aston Martin DBX,Rs.3.82 - 4.63 Cr* (Price in New Delhi)
ASTON MARTIN,Aston Martin Vantage,Rs.3.99 Cr* (Price in New Delhi)
AUDI,Audi Q5,Rs.65.51 - 70.80 Lakh* (Price in New Delhi)
AUDI,Audi Q3,Rs.44.25 - 54.65 Lakh* (Price in New Delhi)
AUDI,Audi Q7,Rs.88.66 - 97.84 Lakh* (Price in New Delhi)
AUDI,Audi A4,Rs.46.02 - 54.58 Lakh* (Price in New Delhi)
AUDI,Audi RS5,Rs.1.13 Cr* (Price in New Delhi)
AUDI,Audi A6,Rs.64.41 - 70.79 Lakh* (Price in New Delhi)
AUDI,Audi Q8,Rs.1.16 - 1.43 Cr* (Price in New Delhi)
AUDI,Audi e-tron GT,Rs.1.72 Cr* (Price in New Delhi)
AUDI,Audi e-tron,Rs.1.02 - 1.26 Cr* (Price in New Delhi)
AUDI,Audi RS e-tron GT,Rs.1.95 Cr* (Price in New Delhi)
AUDI,Audi A8 L,Rs.1.34 - 1.63 Cr* (Price in New Delhi)
AUDI,Audi Q3 Sportback,Rs.54.76 - 55.71 Lakh* (Price in New Delhi)
AUDI,Audi Q8 e-tron,Rs.1.15 - 1.27 Cr* (Price in New Delhi)
AUDI,Audi Q8 Sportback e-tron,Rs.1.19 - 1.32 Cr* (Price in New Delhi)
AUDI,Audi RS Q8,Rs.2.22 Cr* (Price in New Delhi)
AUDI,Audi S5 Sportback,Rs.77.32 Lakh* (Price in New Delhi)
AUSTIN,Austin A40,Rs.15 Lakh* (Price in New Delhi)
BENTLEY,Bentley Continental,Rs.5.23 - 8.45 Cr* (Price in New Delhi)
BENTLEY,Bentley Flying Spur,Rs.5.25 - 7.60 Cr* (Price in New Delhi)
BENTLEY,Bentley Bentayga,Rs.5 - 6.75 Cr* (Price in New Delhi)
BMW,BMW X1,Rs.49.50 - 52.50 Lakh* (Price in New Delhi)
BMW,BMW X7,Rs.1.27 - 1.30 Cr* (Price in New Delhi)
BMW,BMW X5,Rs.96 Lakh - 1.09 Cr* (Price in New Delhi)
BMW,BMW i7,Rs.2.03 - 2.50 Cr* (Price in New Delhi)
BMW,BMW XM,Rs.2.60 Cr* (Price in New Delhi)
BMW,BMW Z4,Rs.90.90 Lakh* (Price in New Delhi)
BMW,BMW X3,Rs.68.50 - 87.70 Lakh* (Price in New Delhi)
BMW,BMW 3 Series,Rs.72.90 Lakh* (Price in New Delhi)
BMW,BMW 7 Series,Rs.1.81 - 1.84 Cr* (Price in New Delhi)
BMW,BMW 2 Series,Rs.43.90 - 46.90 Lakh* (Price in New Delhi)
BMW,BMW iX,Rs.1.40 Cr* (Price in New Delhi)
BMW,BMW M2,Rs.99.90 Lakh* (Price in New Delhi)
BMW,BMW X4,Rs.96.20 Lakh* (Price in New Delhi)
BMW,BMW 6 Series,Rs.73.50 - 78.90 Lakh* (Price in New Delhi)
BMW,BMW M4 Competition,Rs.1.53 Cr* (Price in New Delhi)
BMW,BMW i5,Rs.1.20 Cr* (Price in New Delhi)
BMW,BMW 3 Series Gran Limousine,Rs.60.60 - 62.60 Lakh* (Price in New Delhi)
BMW,BMW iX1,Rs.66.90 Lakh* (Price in New Delhi)
BMW,BMW i4,Rs.72.50 - 77.50 Lakh* (Price in New Delhi)
BMW,BMW M8 Coupe Competition,Rs.2.44 Cr* (Price in New Delhi)
BUGATTI,Bugatti Divo,Rs.41 Cr* (Price in New Delhi)
BUGATTI,Bugatti Veyron,Rs.12 Cr* (Price in New Delhi)
BYD,BYD Seal,Rs.41 - 53 Lakh* (Price in New Delhi)
BYD,BYD Atto 3,Rs.33.99 - 34.49 Lakh* (Price in New Delhi)
BYD,BYD E6,Rs.29.15 Lakh* (Price in New Delhi)
CADILLAC,Cadillac CTS,Rs.45 Lakh* (Price in New Delhi)
CADILLAC,Cadillac Escalade,Rs.1.20 Cr* (Price in New Delhi)
CADILLAC,Cadillac STS,Rs.45 Lakh* (Price in New Delhi)
CHEVROLET,Chevrolet Aveo,Rs.7.43 Lakh* (Price in New Delhi)
CHEVROLET,Chevrolet Aveo U-VA,Rs.4.98 Lakh* (Price in New Delhi)
CHEVROLET,Chevrolet Beat 2009-2013,Rs.6.01 Lakh* (Price in New Delhi)
CHEVROLET,Chevrolet Beat 2014-2016,Rs.6.38 Lakh* (Price in New Delhi)
CHEVROLET,Chevrolet Beat,Rs.6.50 Lakh* (Price in New Delhi)
CHEVROLET,Chevrolet Captiva,Rs.27.36 Lakh* (Price in New Delhi)
CHEVROLET,Chevrolet Captiva 2008-2012,Rs.20.59 Lakh* (Price in New Delhi)
CHEVROLET,Chevrolet Captiva 2012-2014,Rs.27.36 Lakh* (Price in New Delhi)
CHEVROLET,Chevrolet Corvette,Rs.50 Lakh* (Price in New Delhi)
CHEVROLET,Chevrolet Cruze 2010-2011,Rs.15.05 Lakh* (Price in New Delhi)
CHEVROLET,Chevrolet Cruze 2012-2014,Rs.16 Lakh* (Price in New Delhi)
CHEVROLET,Chevrolet Cruze 2014-2016,Rs.17.81 Lakh* (Price in New Delhi)
CHEVROLET,Chevrolet Cruze,Rs.17.46 Lakh* (Price in New Delhi)
CHEVROLET,Chevrolet Enjoy,Rs.9.18 Lakh* (Price in New Delhi)
CHEVROLET,Chevrolet Enjoy 2013-2015,Rs.8.63 Lakh* (Price in New Delhi)
CHEVROLET,Chevrolet Forester,Rs.10 Lakh* (Price in New Delhi)
CHEVROLET,Chevrolet Optra,Rs.11.84 Lakh* (Price in New Delhi)
CHEVROLET,Chevrolet Optra Magnum,Rs.9.56 Lakh* (Price in New Delhi)
CHEVROLET,Chevrolet Optra SRV,Rs.7.50 Lakh* (Price in New Delhi)
CHEVROLET,Chevrolet Sail,Rs.8.44 Lakh* (Price in New Delhi)
CHEVROLET,Chevrolet Sail Hatchback,Rs.7.46 Lakh* (Price in New Delhi)
CHEVROLET,Chevrolet Sail Hatchback 2012-2013,Rs.6.62 Lakh* (Price in New Delhi)
CHEVROLET,Chevrolet Silverado,Rs.8.17 Lakh* (Price in New Delhi)
CHEVROLET,Chevrolet Spark,Rs.4.22 Lakh* (Price in New Delhi)
CHEVROLET,Chevrolet Spark 2007-2012,Rs.4.31 Lakh* (Price in New Delhi)
CHEVROLET,Chevrolet Tavera 2003-2007,Rs.7.57 Lakh* (Price in New Delhi)
CHEVROLET,Chevrolet Tavera 2012-2017,Rs.11.50 Lakh* (Price in New Delhi)
CHEVROLET,Chevrolet Tavera,Rs.11.58 Lakh* (Price in New Delhi)
CHEVROLET,Chevrolet Tavera Neo,Rs.10.12 Lakh* (Price in New Delhi)
CHEVROLET,Chevrolet Trailblazer,Rs.26.99 Lakh* (Price in New Delhi)
CHRYSLER,Chrysler 300,Rs.80 Lakh* (Price in New Delhi)
CHRYSLER,Chrysler Avenger,Rs.30 Lakh* (Price in New Delhi)
CITROEN,Citroen C3,Rs.6.16 - 9 Lakh* (Price in New Delhi)
CITROEN,Citroen C3 Aircross,Rs.9.99 - 14.11 Lakh* (Price in New Delhi)
CITROEN,Citroen eC3,Rs.11.61 - 13.41 Lakh* (Price in New Delhi)
CITROEN,Citroen C5 Aircross,Rs.36.91 - 37.67 Lakh* (Price in New Delhi)
DATSUN,Datsun GO,Rs.6.51 Lakh* (Price in New Delhi)
DATSUN,Datsun GO Plus,Rs.7 Lakh* (Price in New Delhi)
DATSUN,Datsun redi-GO 2016-2020,Rs.4.37 Lakh* (Price in New Delhi)
DATSUN,Datsun redi-GO,Rs.4.96 Lakh* (Price in New Delhi)
DC,DC Avanti,Rs.60 Lakh* (Price in New Delhi)
DODGE,Dodge Nitro,Rs.50 Lakh* (Price in New Delhi)
FERRARI,Ferrari Roma,Rs.3.76 Cr* (Price in New Delhi)
FERRARI,Ferrari 296 GTB,Rs.5.40 Cr* (Price in New Delhi)
FERRARI,Ferrari SF90 Stradale,Rs.7.50 Cr* (Price in New Delhi)
FERRARI,Ferrari 812,Rs.5.75 Cr* (Price in New Delhi)
FERRARI,Ferrari F8 Tributo,Rs.4.02 Cr* (Price in New Delhi)
FIAT,Fiat 1100,Rs.10 Lakh* (Price in New Delhi)
FIAT,Fiat 500,Rs.29.85 Lakh* (Price in New Delhi)
FIAT,Fiat Abarth,Rs.29.85 Lakh* (Price in New Delhi)
FIAT,Fiat Abarth Avventura,Rs.9.89 Lakh* (Price in New Delhi)
FIAT,Fiat Adventure,Rs.3.59 Lakh* (Price in New Delhi)
FIAT,Fiat Avventura,Rs.8.84 Lakh* (Price in New Delhi)
FIAT,Fiat Avventura Urban Cross,Rs.9.78 Lakh* (Price in New Delhi)
FIAT,Fiat Ducato,Rs.16 Lakh* (Price in New Delhi)
FIAT,Fiat Grande Punto 2009-2014,Rs.7.24 Lakh* (Price in New Delhi)
FIAT,Fiat Grande Punto,Rs.7.92 Lakh* (Price in New Delhi)
FIAT,Fiat Linea,Rs.10.63 Lakh* (Price in New Delhi)
FIAT,Fiat Linea 2008-2012,Rs.9.76 Lakh* (Price in New Delhi)
FIAT,Fiat Linea 2012-2014,Rs.9.76 Lakh* (Price in New Delhi)
FIAT,Fiat Linea Classic,Rs.8.25 Lakh* (Price in New Delhi)
FIAT,Fiat Millicento,Rs.10 Lakh* (Price in New Delhi)
FIAT,Fiat Palio,Rs.3.59 Lakh* (Price in New Delhi)
FIAT,Fiat Palio D,Rs.3.59 Lakh* (Price in New Delhi)
FIAT,Fiat Palio NV,Rs.3.59 Lakh* (Price in New Delhi)
FIAT,Fiat Palio Stile,Rs.5.78 Lakh* (Price in New Delhi)
FIAT,Fiat Petra,Rs.5.09 Lakh* (Price in New Delhi)
FIAT,Fiat Petra D,Rs.5.09 Lakh* (Price in New Delhi)
FIAT,Fiat Premier Padmini,Rs.1.20 Lakh* (Price in New Delhi)
FIAT,Fiat Punto,Rs.6.87 Lakh* (Price in New Delhi)
FIAT,Fiat Abarth Punto,Rs.9.67 Lakh* (Price in New Delhi)
FIAT,Fiat Punto EVO,Rs.7.48 Lakh* (Price in New Delhi)
FIAT,Fiat Punto Pure,Rs.5.63 Lakh* (Price in New Delhi)
FIAT,Fiat Siena,Rs.5.25 Lakh* (Price in New Delhi)
FIAT,Fiat Uno,Rs.5.66 Lakh* (Price in New Delhi)
FORD,Ford Aspire,Rs.9.10 Lakh* (Price in New Delhi)
FORD,Ford Aspire 2018,Rs.6 Lakh* (Price in New Delhi)
FORD,Ford EcoSport 2013-2015,Rs.10.20 Lakh* (Price in New Delhi)
FORD,Ford EcoSport 2015-2021,Rs.11.49 Lakh* (Price in New Delhi)
FORD,Ford EcoSport,Rs.11.69 Lakh* (Price in New Delhi)
FORD,Ford Endeavour 2003-2007,Rs.22.05 Lakh* (Price in New Delhi)
FORD,Ford Endeavour 2007-2009,Rs.22.05 Lakh* (Price in New Delhi)
FORD,Ford Endeavour 2009-2014,Rs.22.05 Lakh* (Price in New Delhi)
FORD,Ford Endeavour 2014-2015,Rs.25.67 Lakh* (Price in New Delhi)
FORD,Ford Endeavour 2015-2020,Rs.34.70 Lakh* (Price in New Delhi)
FORD,Ford Endeavour 2020-2022,Rs.36.27 Lakh* (Price in New Delhi)
FORD,Ford Escort,Rs.9 Lakh* (Price in New Delhi)
FORD,Ford Falcon,Rs.2 Lakh* (Price in New Delhi)
FORD,Ford Fiesta,Rs.10.19 Lakh* (Price in New Delhi)
FORD,Ford Fiesta 2004-2008,Rs.8.52 Lakh* (Price in New Delhi)
FORD,Ford Fiesta 2008-2011,Rs.8.52 Lakh* (Price in New Delhi)
FORD,Ford Fiesta 2011-2013,Rs.9.99 Lakh* (Price in New Delhi)
FORD,Ford Fiesta Classic,Rs.7.68 Lakh* (Price in New Delhi)
FORD,Ford Fiesta Classic 2011-2012,Rs.8.48 Lakh* (Price in New Delhi)
FORD,Ford Figo 2010 2012,Rs.5.94 Lakh* (Price in New Delhi)
FORD,Ford Figo 2012-2015,Rs.6.36 Lakh* (Price in New Delhi)
FORD,Ford Figo 2015-2019,Rs.8.49 Lakh* (Price in New Delhi)
FORD,Ford Figo,Rs.8.37 Lakh* (Price in New Delhi)
FORD,Ford Freestyle,Rs.9.03 Lakh* (Price in New Delhi)
FORD,Ford Fusion,Rs.6.83 Lakh* (Price in New Delhi)
FORD,Ford Ikon,Rs.5.76 Lakh* (Price in New Delhi)
FORD,Ford Mondeo 2001-2006,Rs.15 Lakh* (Price in New Delhi)
FORD,Ford Mustang 2016-2020,Rs.74.62 Lakh* (Price in New Delhi)
HINDUSTAN MOTORS,Hindustan Motors Ambassador,Rs.6.09 Lakh* (Price in New Delhi)
HINDUSTAN MOTORS,Hindustan Motors Contessa,Rs.5.42 Lakh* (Price in New Delhi)
HONDA,Honda City,Rs.11.82 - 16.30 Lakh* (Price in New Delhi)
HONDA,Honda Amaze,Rs.7.20 - 9.96 Lakh* (Price in New Delhi)
HONDA,Honda City Hybrid,Rs.19 - 20.50 Lakh* (Price in New Delhi)
HONDA,Honda Elevate,Rs.11.69 - 16.51 Lakh* (Price in New Delhi)
HUMMER,Hummer H2,Rs.75 Lakh* (Price in New Delhi)
HUMMER,Hummer H3,Rs.80 Lakh* (Price in New Delhi)
HYUNDAI,Hyundai Creta,Rs.11 - 20.15 Lakh* (Price in New Delhi)
HYUNDAI,Hyundai Venue,Rs.7.94 - 13.48 Lakh* (Price in New Delhi)
HYUNDAI,Hyundai Verna,Rs.11 - 17.42 Lakh* (Price in New Delhi)
HYUNDAI,Hyundai Exter,Rs.6.13 - 10.28 Lakh* (Price in New Delhi)
HYUNDAI,Hyundai i20,Rs.7.04 - 11.21 Lakh* (Price in New Delhi)
HYUNDAI,Hyundai Aura,Rs.6.49 - 9.05 Lakh* (Price in New Delhi)
HYUNDAI,Hyundai Alcazar,Rs.16.77 - 21.28 Lakh* (Price in New Delhi)
HYUNDAI,Hyundai Tucson,Rs.29.02 - 35.94 Lakh* (Price in New Delhi)
HYUNDAI,Hyundai Kona Electric,Rs.23.84 - 24.03 Lakh* (Price in New Delhi)
HYUNDAI,Hyundai Creta N Line,Rs.16.82 - 20.45 Lakh* (Price in New Delhi)
HYUNDAI,Hyundai Venue N Line,Rs.12.08 - 13.90 Lakh* (Price in New Delhi)
HYUNDAI,Hyundai Grand i10 Nios,Rs.5.92 - 8.56 Lakh* (Price in New Delhi)
HYUNDAI,Hyundai i20 N-Line,Rs.9.99 - 12.52 Lakh* (Price in New Delhi)
HYUNDAI,Hyundai IONIQ 5,Rs.46.05 Lakh* (Price in New Delhi)
ICML,ICML Extreme,Rs.9.79 Lakh* (Price in New Delhi)
ICML,ICML Rhino Rx,Rs.8.79 Lakh* (Price in New Delhi)
ISUZU,Isuzu D-Max,Rs.10.55 - 11.40 Lakh* (Price in New Delhi)
ISUZU,Isuzu MU-X,Rs.37 - 40.40 Lakh* (Price in New Delhi)
ISUZU,Isuzu V-Cross,Rs.25.52 - 30.96 Lakh* (Price in New Delhi)
ISUZU,Isuzu S-CAB,Rs.12.55 - 13 Lakh* (Price in New Delhi)
ISUZU,Isuzu S-CAB Z,Rs.15 Lakh* (Price in New Delhi)
ISUZU,Isuzu Hi-Lander,Rs.21.20 Lakh* (Price in New Delhi)
JAGUAR,Jaguar F-Pace,Rs.72.90 Lakh* (Price in New Delhi)
JAGUAR,Jaguar F-TYPE,Rs.1 - 1.56 Cr* (Price in New Delhi)
JAGUAR,Jaguar I-Pace,Rs.1.26 Cr* (Price in New Delhi)
JEEP,Jeep Compass,Rs.20.69 - 32.41 Lakh* (Price in New Delhi)
JEEP,Jeep Wrangler,Rs.67.65 - 71.65 Lakh* (Price in New Delhi)
JEEP,Jeep Meridian,Rs.33.77 - 39.83 Lakh* (Price in New Delhi)
JEEP,Jeep Grand Cherokee,Rs.80.50 Lakh* (Price in New Delhi)
KIA,Kia Seltos,Rs.10.90 - 20.35 Lakh* (Price in New Delhi)
KIA,Kia Sonet,Rs.7.99 - 15.75 Lakh* (Price in New Delhi)
KIA,Kia EV6,Rs.60.97 - 65.97 Lakh* (Price in New Delhi)
KIA,Kia Carens,Rs.10.52 - 19.67 Lakh* (Price in New Delhi)
LAMBORGHINI,Lamborghini Urus,Rs.4.18 - 4.22 Cr* (Price in New Delhi)
LAMBORGHINI,Lamborghini Revuelto,Rs.8.89 Cr* (Price in New Delhi)
LAMBORGHINI,Lamborghini Huracan EVO,Rs.4 - 4.99 Cr* (Price in New Delhi)
LAND ROVER,Land Rover Range Rover,Rs.2.39 - 4.47 Cr* (Price in New Delhi)
LAND ROVER,Land Rover Defender,Rs.97 Lakh - 2.35 Cr* (Price in New Delhi)
LAND ROVER,Land Rover Range Rover Velar,Rs.87.90 Lakh* (Price in New Delhi)
LAND ROVER,Land Rover Range Rover Evoque,Rs.67.90 Lakh* (Price in New Delhi)
LAND ROVER,Land Rover Range Rover Sport,Rs.1.69 - 2.80 Cr* (Price in New Delhi)
LAND ROVER,Land Rover Discovery,Rs.97 Lakh - 1.43 Cr* (Price in New Delhi)
LAND ROVER,Land Rover Discovery Sport,Rs.67.90 Lakh* (Price in New Delhi)
LEXUS,Lexus ES,Rs.63.10 - 69.70 Lakh* (Price in New Delhi)
LEXUS,Lexus LC 500h,Rs.2.39 - 2.50 Cr* (Price in New Delhi)
LEXUS,Lexus LM,Rs.2 - 2.50 Cr* (Price in New Delhi)
LEXUS,Lexus LS,Rs.1.96 - 2.27 Cr* (Price in New Delhi)
LEXUS,Lexus NX,Rs.67.35 - 74.24 Lakh* (Price in New Delhi)
LEXUS,Lexus RX,Rs.95.80 Lakh - 1.20 Cr* (Price in New Delhi)
LEXUS,Lexus LX,Rs.2.84 Cr* (Price in New Delhi)
LOTUS,Lotus Eletre,Rs.2.55 - 2.99 Cr* (Price in New Delhi)
MAHINDRA,Mahindra Thar,Rs.11.35 - 17.60 Lakh* (Price in New Delhi)
MAHINDRA,Mahindra Scorpio,Rs.13.62 - 17.42 Lakh* (Price in New Delhi)
MAHINDRA,Mahindra XUV700,Rs.13.99 - 26.99 Lakh* (Price in New Delhi)
MAHINDRA,Mahindra XUV 3XO,Rs.7.49 - 15.49 Lakh* (Price in New Delhi)
MAHINDRA,Mahindra Scorpio N,Rs.13.85 - 24.54 Lakh* (Price in New Delhi)
MAHINDRA,Mahindra Bolero,Rs.9.79 - 10.91 Lakh* (Price in New Delhi)
MAHINDRA,Mahindra XUV300,Rs.7.99 - 14.76 Lakh* (Price in New Delhi)
MAHINDRA,Mahindra Bolero Neo,Rs.9.95 - 12.15 Lakh* (Price in New Delhi)
MAHINDRA,Mahindra Marazzo,Rs.14.59 - 17 Lakh* (Price in New Delhi)
MAHINDRA,Mahindra XUV400 EV,Rs.15.49 - 19.39 Lakh* (Price in New Delhi)
MAHINDRA,Mahindra Bolero Camper,Rs.10.26 - 10.61 Lakh* (Price in New Delhi)
MAHINDRA,Mahindra Bolero PikUp ExtraLong,Rs.8.85 - 9.12 Lakh* (Price in New Delhi)
MAHINDRA,Mahindra Bolero Maxitruck Plus,Rs.7.49 - 7.89 Lakh* (Price in New Delhi)
MAHINDRA,Mahindra Bolero Neo Plus,Rs.11.39 - 12.49 Lakh* (Price in New Delhi)
MAHINDRA,Mahindra BOLERO PikUP ExtraStrong,Rs.8.71 - 9.39 Lakh* (Price in New Delhi)
MAHINDRA-RENAULT,Mahindra Renault Logan,Rs.6.96 Lakh* (Price in New Delhi)
MAHINDRA-RENAULT,Mahindra Renault Logan Edge,Rs.7.20 Lakh* (Price in New Delhi)
MASERATI,Maserati Levante,Rs.1.49 - 1.64 Cr* (Price in New Delhi)
MASERATI,Maserati Ghibli,Rs.1.15 - 1.93 Cr* (Price in New Delhi)
MASERATI,Maserati GranTurismo,Rs.2.25 - 2.51 Cr* (Price in New Delhi)
MASERATI,Maserati Quattroporte,Rs.1.71 - 2.12 Cr* (Price in New Delhi)
MASERATI,Maserati GranCabrio,Rs.2.46 - 2.69 Cr* (Price in New Delhi)
MAYBACH,Maybach 57 S,Rs.4.85 Cr* (Price in New Delhi)
MAYBACH,Maybach 62 S,Rs.5.10 Cr* (Price in New Delhi)
MAZDA,Mazda Miata,Rs.15.44 Lakh* (Price in New Delhi)
MAZDA,Mazda RX 8,Rs.15.44 Lakh* (Price in New Delhi)
MCLAREN,Mclaren GT,Rs.4.50 Cr* (Price in New Delhi)
MCLAREN,Mclaren 750S,Rs.5.91 Cr* (Price in New Delhi)
MERCEDES-BENZ,Mercedes-Benz GLA,Rs.50.50 - 58.15 Lakh* (Price in New Delhi)
MERCEDES-BENZ,Mercedes-Benz GLS,Rs.1.32 - 2.96 Cr* (Price in New Delhi)
MERCEDES-BENZ,Mercedes-Benz C-Class,Rs.61.85 - 69 Lakh* (Price in New Delhi)
MERCEDES-BENZ,Mercedes-Benz E-Class,Rs.72.80 - 89.15 Lakh* (Price in New Delhi)
MERCEDES-BENZ,Mercedes-Benz GLC,Rs.75.90 - 76.90 Lakh* (Price in New Delhi)
MERCEDES-BENZ,Mercedes-Benz S-Class,Rs.1.77 - 1.86 Cr* (Price in New Delhi)
MERCEDES-BENZ,Mercedes-Benz Maybach GLS,Rs.3.35 Cr* (Price in New Delhi)
MERCEDES-BENZ,Mercedes-Benz EQS,Rs.1.62 Cr* (Price in New Delhi)
MERCEDES-BENZ,Mercedes-Benz GLE,Rs.96.65 Lakh - 1.10 Cr* (Price in New Delhi)
MERCEDES-BENZ,Mercedes-Benz AMG SL,Rs.2.44 Cr* (Price in New Delhi)
MERCEDES-BENZ,Mercedes-Benz AMG GLE 53,Rs.1.71 Cr* (Price in New Delhi)
MERCEDES-BENZ,Mercedes-Benz EQE SUV,Rs.1.39 Cr* (Price in New Delhi)
MERCEDES-BENZ,Mercedes-Benz AMG C43,Rs.98.25 Lakh* (Price in New Delhi)
MERCEDES-BENZ,Mercedes-Benz AMG A 45 S,Rs.93.65 Lakh* (Price in New Delhi)
MERCEDES-BENZ,Mercedes-Benz Maybach S-Class,Rs.2.72 - 3.44 Cr* (Price in New Delhi)
MERCEDES-BENZ,Mercedes-Benz A-Class Limousine,Rs.46.05 - 48.55 Lakh* (Price in New Delhi)
MERCEDES-BENZ,Mercedes-Benz GLB,Rs.64.80 - 71.80 Lakh* (Price in New Delhi)
MERCEDES-BENZ,Mercedes-Benz G-Class,Rs.2.55 - 4 Cr* (Price in New Delhi)
MERCEDES-BENZ,Mercedes-Benz EQB,Rs.77.75 Lakh* (Price in New Delhi)
MERCEDES-BENZ,Mercedes-Benz AMG E 53 Cabriolet,Rs.1.30 Cr* (Price in New Delhi)
MERCEDES-BENZ,Mercedes-Benz AMG EQS,Rs.2.45 Cr* (Price in New Delhi)
MERCEDES-BENZ,Mercedes-Benz AMG GLA 35,Rs.58.50 Lakh* (Price in New Delhi)
MERCEDES-BENZ,Mercedes-Benz AMG GT 4 Door Coupe,Rs.3.30 Cr* (Price in New Delhi)
MERCEDES-BENZ,Mercedes-Benz AMG S 63,Rs.3.30 - 3.80 Cr* (Price in New Delhi)
MG,MG Hector,Rs.13.99 - 22.24 Lakh* (Price in New Delhi)
MG,MG Astor,Rs.9.98 - 18.08 Lakh* (Price in New Delhi)
MG,MG Gloster,Rs.38.80 - 43.87 Lakh* (Price in New Delhi)
MG,MG Comet EV,Rs.6.99 - 9.53 Lakh* (Price in New Delhi)
MG,MG Hector Plus,Rs.17.30 - 23.08 Lakh* (Price in New Delhi)
MG,MG ZS EV,Rs.18.98 - 25.44 Lakh* (Price in New Delhi)
MINI,Mini Cooper 3 DOOR,Rs.42.70 Lakh* (Price in New Delhi)
MINI,Mini Cooper Countryman,Rs.48.10 - 49 Lakh* (Price in New Delhi)
MINI,Mini Cooper SE,Rs.53.50 Lakh* (Price in New Delhi)
MITSUBISHI,Mitsubishi Cedia,Rs.9.80 Lakh* (Price in New Delhi)
MITSUBISHI,Mitsubishi Challenger,Rs.20.25 Lakh* (Price in New Delhi)
MITSUBISHI,Mitsubishi FTO,Rs.8.24 Lakh* (Price in New Delhi)
MITSUBISHI,Mitsubishi Lancer,Rs.8.13 Lakh* (Price in New Delhi)
MITSUBISHI,Mitsubishi Lancer Evolution X,Rs.49.95 Lakh* (Price in New Delhi)
MITSUBISHI,Mitsubishi Montero 2007-2012,Rs.41.34 Lakh* (Price in New Delhi)
MITSUBISHI,Mitsubishi Montero 2009-2014,Rs.41.34 Lakh* (Price in New Delhi)
MITSUBISHI,Mitsubishi Montero,Rs.67.88 Lakh* (Price in New Delhi)
MITSUBISHI,Mitsubishi Outlander,Rs.32 Lakh* (Price in New Delhi)
MITSUBISHI,Mitsubishi Outlander 2007-2013,Rs.20.55 Lakh* (Price in New Delhi)
MITSUBISHI,Mitsubishi Pajero 2002-2012,Rs.22 Lakh* (Price in New Delhi)
MITSUBISHI,Mitsubishi Pajero Sport,Rs.30 Lakh* (Price in New Delhi)
MORRIS,MG Hector,Rs.13.99 - 22.24 Lakh* (Price in New Delhi)
MORRIS,MG Astor,Rs.9.98 - 18.08 Lakh* (Price in New Delhi)
MORRIS,MG Gloster,Rs.38.80 - 43.87 Lakh* (Price in New Delhi)
MORRIS,MG Comet EV,Rs.6.99 - 9.53 Lakh* (Price in New Delhi)
MORRIS,MG Hector Plus,Rs.17.30 - 23.08 Lakh* (Price in New Delhi)
MORRIS,MG ZS EV,Rs.18.98 - 25.44 Lakh* (Price in New Delhi)
NISSAN,Nissan Magnite,Rs.6 - 11.27 Lakh* (Price in New Delhi)
OPEL,Opel Astra,Rs.80 Lakh* (Price in New Delhi)
OPEL,Opel Vectra,Rs.16.75 Lakh* (Price in New Delhi)
OPEL,Opel Corsa,Rs.6.22 Lakh* (Price in New Delhi)
PEUGEOT,Peugeot 309,Rs.8 Lakh* (Price in New Delhi)
PORSCHE,Porsche 911,Rs.1.99 - 3.51 Cr* (Price in New Delhi)
PORSCHE,Porsche Taycan,Rs.1.61 - 2.44 Cr* (Price in New Delhi)
PORSCHE,Porsche Cayenne,Rs.1.36 - 2 Cr* (Price in New Delhi)
PORSCHE,Porsche Macan,Rs.88.06 Lakh - 1.53 Cr* (Price in New Delhi)
PORSCHE,Porsche Panamera,Rs.1.68 Cr* (Price in New Delhi)
PORSCHE,Porsche 718,Rs.1.48 - 2.74 Cr* (Price in New Delhi)
PORSCHE,Porsche Macan EV,Rs.1.65 Cr* (Price in New Delhi)
PORSCHE,Porsche Cayenne Coupe,Rs.1.42 - 2.01 Cr* (Price in New Delhi)
PREMIER,Premier 118 NE,Rs.5.99 Lakh* (Price in New Delhi)
PREMIER,Premier 138 D,Rs.6.50 Lakh* (Price in New Delhi)
PREMIER,Premier Padmini,Rs.1.95 Lakh* (Price in New Delhi)
PREMIER,Premier Rio 2009 2011,Rs.6.59 Lakh* (Price in New Delhi)
PREMIER,Premier Rio,Rs.7.24 Lakh* (Price in New Delhi)
RENAULT,Renault KWID,Rs.4.70 - 6.45 Lakh* (Price in New Delhi)
RENAULT,Renault Triber,Rs.6 - 8.97 Lakh* (Price in New Delhi)
RENAULT,Renault Kiger,Rs.6 - 11.23 Lakh* (Price in New Delhi)
ROLLS-ROYCE,Rolls-Royce Phantom,Rs.8.99 - 10.48 Cr* (Price in New Delhi)
ROLLS-ROYCE,Rolls-Royce Ghost,Rs.6.95 - 7.95 Cr* (Price in New Delhi)
ROLLS-ROYCE,Rolls-Royce Spectre,Rs.7.50 Cr* (Price in New Delhi)
ROLLS-ROYCE,Rolls-Royce Cullinan,Rs.6.95 Cr* (Price in New Delhi)
SIPANI,Sipani Montego,Rs.13 Lakh* (Price in New Delhi)
SKODA,Skoda Kushaq,Rs.10.89 - 18.79 Lakh* (Price in New Delhi)
SKODA,Skoda Slavia,Rs.10.69 - 18.69 Lakh* (Price in New Delhi)
SKODA,Skoda Superb,Rs.54 Lakh* (Price in New Delhi)
SKODA,Skoda Kodiaq,Rs.39.99 Lakh* (Price in New Delhi)
STUDEBAKER,Studebaker Champion,Rs.36 Lakh* (Price in New Delhi)
SUBARU,Subaru Impreza,Rs.32.65 Lakh* (Price in New Delhi)
TATA,Tata Punch,Rs.6.13 - 10.20 Lakh* (Price in New Delhi)
TATA,Tata Nexon,Rs.8 - 15.80 Lakh* (Price in New Delhi)
TATA,Tata Harrier,Rs.15.49 - 26.44 Lakh* (Price in New Delhi)
TATA,Tata Altroz,Rs.6.65 - 11.35 Lakh* (Price in New Delhi)
TATA,Tata Safari,Rs.16.19 - 27.34 Lakh* (Price in New Delhi)
TATA,Tata Tiago,Rs.5.65 - 8.90 Lakh* (Price in New Delhi)
TATA,Tata Altroz Racer,Rs.9.49 - 10.99 Lakh* (Price in New Delhi)
TATA,Tata Punch EV,Rs.10.99 - 15.49 Lakh* (Price in New Delhi)
TATA,Tata Nexon EV,Rs.14.49 - 19.49 Lakh* (Price in New Delhi)
TATA,Tata Tiago EV,Rs.7.99 - 11.89 Lakh* (Price in New Delhi)
TATA,Tata Tigor,Rs.6.30 - 9.55 Lakh* (Price in New Delhi)
TATA,Tata Tigor EV,Rs.12.49 - 13.75 Lakh* (Price in New Delhi)
TATA,Tata Tiago NRG,Rs.6.70 - 8.80 Lakh* (Price in New Delhi)
TATA,Tata Yodha Pickup,Rs.6.95 - 7.50 Lakh* (Price in New Delhi)
TOYOTA,Toyota Fortuner,Rs.33.43 - 51.44 Lakh* (Price in New Delhi)
TOYOTA,Toyota Innova Crysta,Rs.19.99 - 26.55 Lakh* (Price in New Delhi)
TOYOTA,Toyota Land Cruiser 300,Rs.2.10 Cr* (Price in New Delhi)
TOYOTA,Toyota Taisor,Rs.7.74 - 13.04 Lakh* (Price in New Delhi)
TOYOTA,Toyota Urban Cruiser Hyryder,Rs.11.14 - 20.19 Lakh* (Price in New Delhi)
TOYOTA,Toyota Hilux,Rs.30.40 - 37.90 Lakh* (Price in New Delhi)
TOYOTA,Toyota Camry,Rs.46.17 Lakh* (Price in New Delhi)
TOYOTA,Toyota Vellfire,Rs.1.20 - 1.30 Cr* (Price in New Delhi)
TOYOTA,Toyota Rumion,Rs.10.44 - 13.73 Lakh* (Price in New Delhi)
TOYOTA,Toyota Fortuner Legender,Rs.43.66 - 47.64 Lakh* (Price in New Delhi)
TOYOTA,Toyota Glanza,Rs.6.86 - 10 Lakh* (Price in New Delhi)
TOYOTA,Toyota Innova Hycross,Rs.19.77 - 30.98 Lakh* (Price in New Delhi)
VOLKSWAGEN,Volkswagen Virtus,Rs.11.56 - 19.41 Lakh* (Price in New Delhi)
VOLKSWAGEN,Volkswagen Taigun,Rs.11.70 - 20 Lakh* (Price in New Delhi)
VOLKSWAGEN,Volkswagen Tiguan,Rs.35.17 Lakh* (Price in New Delhi)
VOLVO,Volvo XC90,Rs.1.01 Cr* (Price in New Delhi)
VOLVO,Volvo XC60,Rs.68.90 Lakh* (Price in New Delhi)
VOLVO,Volvo S90,Rs.68.25 Lakh* (Price in New Delhi)
VOLVO,Volvo C40 Recharge,Rs.62.95 Lakh* (Price in New Delhi)
VOLVO,Volvo XC40 Recharge,Rs.54.95 - 57.90 Lakh* (Price in New Delhi)
