Brand,Model_Name
ASHOK LEYLAND,STILE
ASTON MARTIN,VANTAGE V8
ASTON MARTIN,V8 VANTAGE
ASTON MARTIN,VANQUISH
ASTON MARTIN,DBX
ASTON MARTIN,RAPIDE
ASTON MARTIN,DB9
ASTON MARTIN,DB11
ASTON MARTIN,V12 VANTAGE
ASTON MARTIN,DB12
ASTON MARTIN,VANTAGE
ASTON MARTIN,DBS
ASTON MARTIN,VIRAGE
AUDI,Q7
AUDI,Q8
AUDI,Q5
AUDI,Q2
AUDI,RS7
AUDI,A8
AUDI,RS Q8
AUDI,A3
AUDI,A3 CABRIOLET
AUDI,Q3
AUDI,S8
AUDI,A4
AUDI,A6
AUDI,R8
AUDI,Q8 E-TRON
AUDI,NEW A3
AUDI,S6
AUDI,RS6
AUDI,TT
AUDI,A5
AUDI,A5 CABRIOLET
AUDI,E-TRON GT
AUDI,A7
AUDI,RS5
AUDI,E-TRON
AUDI,S4
AUSTIN,CAMBRIDGE
BMW,X1
BMW,7 SERIES
BMW,3 SERIES GT
BMW,3 SERIES
BMW,X7
BMW,5 SERIES
BMW,520D
BMW,X5
BMW,X3
BMW,X6
BMW,6 SERIES GRAN COUPE
BMW,6 SERIES
BMW,Z4
BMW,X4
BMW,3 SERIES GRAN LIMOUSINE
BMW,M2
BMW,X4 M40I
BMW,I7
BMW,IX1
BMW,X3 M40I
BMW,M4 COMPETITION
BMW,M5
BMW,I8
BMW,M340I
BMW,XM
BMW,I4
BMW,6 SERIES GT
BMW,IX
BMW,M4
BMW,M3
BMW,M6
BMW,1 SERIES
BMW,M8
BMW,5 SERIES GT
BMW,2 SERIES GRAN COUPE
BMW,8 SERIES
BMW,X3 M
BMW,X5 M
BMW,I8 ROADSTER
BMW,NEW 5 SERIES
BMW,I5
BMW,Z3
BYD,SEAL
BYD,ATTO 3
BYD,E6
BYD,ATTO 3 FACELIFT
BENTLEY,CONTINENTAL GT
BENTLEY,AZURE
BENTLEY,CONTINENTAL FLYING SPUR
BENTLEY,BENTAYGA
BENTLEY,MULSANNE
BENTLEY,CONTINENTAL SUPER SPORTS
BENTLEY,ARNAGE
BENTLEY,CONTINENTAL GTC
BUGATTI,VEYRON
CADILLAC,CTS
CADILLAC,LIMOUSINE
CADILLAC,ESCALADE
CHEVROLET,SAIL
CHEVROLET,TOURER
CHEVROLET,SAIL U-VA
CHEVROLET,CAPTIVA
CHEVROLET,AVEO U-VA
CHEVROLET,TAVERA
CHEVROLET,BEAT
CHEVROLET,CRUZE
CHEVROLET,OPTRA SRV
CHEVROLET,AVEO
CHEVROLET,IMPALA
CHEVROLET,ENJOY
CHEVROLET,SPARK
CHEVROLET,OPTRA MAGNUM
CHEVROLET,CAMARO
CHEVROLET,TRAILBLAZER
CHEVROLET,SILVERADO
CHEVROLET,FLEETLINE
CHEVROLET,SAIL HATCHBACK
CHEVROLET,CORVETTE
CHEVROLET,OPTRA
CHEVROLET,FORESTER
CHRYSLER,GRAND VOYAGER
CHRYSLER,300
CHRYSLER,AVENGER
CITROEN,EC3
CITROEN,C3 AIRCROSS
CITROEN,C5 AIRCROSS
CITROEN,C3
CITROEN,C3 FACELIFT
CITROEN,BASALT
CITROEN,SUB-4-METRE COMPACT SUV
DC,AVANTI
DATSUN,GO
DATSUN,REDI-GO
DATSUN,GO PLUS
DODGE,NITRO
EICHER POLARIS,MULTIX
FERRARI,PUROSANGUE SUV
FERRARI,PORTOFINO
FERRARI,F12BERLINETTA
FERRARI,296 GTS
FERRARI,296 GTB
FERRARI,812
FERRARI,599 GTB FIORANO
FERRARI,458
FERRARI,488
FERRARI,FF
FERRARI,GTC4 LUSSO
FERRARI,F430
FERRARI,575 SUPERAMERICA
FERRARI,360
FERRARI,ROMA
FERRARI,612
FERRARI,F8 TRIBUTO
FERRARI,CALIFORNIA
FIAT,PUNTO EVO
FIAT,LINEA
FIAT,SIENA
FIAT,AVVENTURA
FIAT,PALIO D
FIAT,UNO
FIAT,PETRA D
FIAT,500
FIAT,MILLICENTO
FIAT,1100
FIAT,SIENA WEEKEND
FIAT,PETRA
FIAT,LINEA CLASSIC
FIAT,PALIO
FIAT,URBAN CROSS
FIAT,PUNTO PURE
FIAT,PALIO NV
FIAT,PUNTO
FIAT,PALIO STILE
FIAT,ABARTH 595
FIAT,ABARTH PUNTO
FORCE MOTORS,GURKHA
FORCE MOTORS,TRAX CRUISER
FORCE MOTORS,FORCE ONE
FORCE MOTORS,FIVE-DOOR GURKHA
FORD,ECOSPORT
FORD,ENDEAVOUR
FORD,FIGO
FORD,IKON
FORD,RAPTOR
FORD,MONDEO
FORD,FREESTYLE
FORD,ESCORT
FORD,FIESTA
FORD,CLASSIC
FORD,FUSION
FORD,CAPRI
FORD,ZEPHYR
FORD,MODEL T
FORD,MUSTANG
FORD,FIESTA CLASSIC
FORD,ASPIRE
GMC,SIERRA 2500
GMC,DENALI
HINDUSTAN MOTORS,AMBASSADOR
HINDUSTAN MOTORS,CONTESSA
HOLDEN,COMMODORE
HONDA,WR-V
HONDA,AMAZE
HONDA,JAZZ
HONDA,CIVIC
HONDA,BR-V
HONDA,BRIO
HONDA,CITY 4TH GENERATION
HONDA,CR-V
HONDA,CITY
HONDA,ACCORD
HONDA,CITY ZX
HONDA,ALL NEW CITY
HONDA,ELEVATE
HONDA,MOBILIO
HONDA,CITY HYBRID EHEV
HONDA,STEP WGN
HONDA,CONCERTO
HONDA,CR-X
HUMBER,HAWK
HUMMER,H3
HUMMER,H2
HYUNDAI,GRAND I10
HYUNDAI,ELITE I20
HYUNDAI,SANTRO
HYUNDAI,I20 ACTIVE
HYUNDAI,CRETA
HYUNDAI,VENUE
HYUNDAI,I20 N LINE
HYUNDAI,VERNA
HYUNDAI,XCENT
HYUNDAI,TUCSON
HYUNDAI,ELANTRA
HYUNDAI,GRAND I10 NIOS
HYUNDAI,KONA ELECTRIC
HYUNDAI,SANTA FE
HYUNDAI,FLUIDIC VERNA 4S
HYUNDAI,ALCAZAR
HYUNDAI,AURA
HYUNDAI,I20
HYUNDAI,EON
HYUNDAI,SONATA
HYUNDAI,GETZ
HYUNDAI,VERNA TRANSFORM
HYUNDAI,I10
HYUNDAI,GETZ PRIME
HYUNDAI,SONATA EMBERA
HYUNDAI,SANTRO XING
HYUNDAI,ACCENT VIVA
HYUNDAI,GENESIS
HYUNDAI,ACCENT
HYUNDAI,TERRACAN
HYUNDAI,EXTER
HYUNDAI,VENUE N LINE
HYUNDAI,IONIQ 5
HYUNDAI,CRETA EV
HYUNDAI,CRETA N LINE
HYUNDAI,STARGAZER
HYUNDAI,NEW SANTA FE
HYUNDAI,ALCAZAR FACELIFT
HYUNDAI,SONATA TRANSFORM
HYUNDAI,TUCSON FACELIFT
ICML,EXTREME
ICML,RHINO RX
ISUZU,TROOPER
ISUZU,MU-X
ISUZU,D-MAX
ISUZU,D-MAX V-CROSS
ISUZU,MU7
ISUZU,V-CROSS
JAGUAR,XJ L
JAGUAR,F-TYPE
JAGUAR,XF
JAGUAR,F-PACE
JAGUAR,XE
JAGUAR,I-PACE
JAGUAR,XK
JEEP,COMPASS
JEEP,MERIDIAN
JEEP,WRANGLER
JEEP,CHEROKEE
JEEP,KAISER
JEEP,WILLYS
JEEP,GRAND CHEROKEE
KIA,SELTOS
KIA,SONET
KIA,CARNIVAL
KIA,EV6
KIA,CARENS
KIA,SELTOS BS6 PHASE 2
KIA,EV9
KIA,CLAVIS
LAMBORGHINI,HURACAN EVO
LAMBORGHINI,AVENTADOR
LAMBORGHINI,URUS S
LAMBORGHINI,REVUELTO
LAMBORGHINI,HURACAN EVO SPYDER
LAMBORGHINI,HURACAN STERRATO
LAMBORGHINI,HURACAN TECNICA
LAMBORGHINI,URUS PERFORMANTE
LAMBORGHINI,AVENTADOR ULTIMAE
LAMBORGHINI,URUS
LAMBORGHINI,HURACAN STO
LAMBORGHINI,MURCIELAGO
LAMBORGHINI,GALLARDO
LAND ROVER,RANGE ROVER EVOQUE
LAND ROVER,DISCOVERY 4
LAND ROVER,RANGE ROVER
LAND ROVER,RANGE ROVER SPORT
LAND ROVER,DISCOVERY SPORT
LAND ROVER,DISCOVERY
LAND ROVER,RANGE ROVER VELAR
LAND ROVER,FREELANDER 2
LAND ROVER,DEFENDER
LAND ROVER,DISCOVERY 3
LEXUS,LS 460
LEXUS,RX
LEXUS,LM
LEXUS,GS 350
LEXUS,GS 300
LEXUS,LS 400
LEXUS,LX
LEXUS,NX
LEXUS,LS 600
LEXUS,LS
LEXUS,ES
LEXUS,SC 430
LEXUS,LX 570
LEXUS,LS 430
LEXUS,LX 470
LEXUS,LC 500H
LOTUS,ELETRE
MG,HECTOR
MG,ASTOR
MG,HECTOR PLUS
MG,GLOSTER
MG,ZS EV
MG,CLOUD EV
MG,GLOSTER FACELIFT
MG,COMET EV
MINI,COUNTRYMAN
MINI,COOPER
MINI,COOPER CONVERTIBLE
MINI,COOPER SE
MINI,CLUBMAN
MINI,COOPER COUNTRYMAN
MINI,COOPER JCW
MINI,COOPER S
MAHINDRA,XUV300
MAHINDRA,SCORPIO 2021
MAHINDRA,XUV500
MAHINDRA,XUV 3XO
MAHINDRA,KUV100 NXT
MAHINDRA,SCORPIO
MAHINDRA,MARAZZO
MAHINDRA,ALTURAS G4
MAHINDRA,JEEP
MAHINDRA,SCORPIO N
MAHINDRA,TUV300
MAHINDRA,REVAI
MAHINDRA,VERITO VIBE CS
MAHINDRA,XYLO
MAHINDRA,VERITO
MAHINDRA,THAR
MAHINDRA,XUV.E8
MAHINDRA,BOLERO NEO PLUS
MAHINDRA,BOLERO
MAHINDRA,MARSHAL
MAHINDRA,VOYAGER
MAHINDRA,QUANTO
MAHINDRA,ARMADA
MAHINDRA,BOLERO NEO
MAHINDRA,XUV700
MAHINDRA,E2O
MAHINDRA,KUV100
MAHINDRA,XUV300 TURBOSPORT
MAHINDRA,NUVOSPORT
MAHINDRA,E2O PLUS
MAHINDRA,XUV400
MAHINDRA,SCORPIO GETAWAY
MAHINDRA-RENAULT,LOGAN
MAHINDRA-RENAULT,LOGAN EDGE
MAINI,REVAI
MAINI,REVA
MARUTI SUZUKI,IGNIS
MARUTI SUZUKI,XL6
MARUTI SUZUKI,ALTO 800
MARUTI SUZUKI,S-PRESSO
MARUTI SUZUKI,FRONX
MARUTI SUZUKI,GRAND VITARA
MARUTI SUZUKI,INVICTO
MARUTI SUZUKI,BALENO
MARUTI SUZUKI,WAGON R
MARUTI SUZUKI,CELERIO
MARUTI SUZUKI,DZIRE
MARUTI SUZUKI,ERTIGA
MARUTI SUZUKI,BREZZA
MARUTI SUZUKI,ALTO K10
MARUTI SUZUKI,JIMNY
MARUTI SUZUKI,SWIFT
MARUTI SUZUKI,NEW-GEN SWIFT
MARUTI SUZUKI,NEW DZIRE
MARUTI SUZUKI,EVX
MARUTI SUZUKI,VITARA BREZZA
MARUTI SUZUKI,S-CROSS 2020
MARUTI SUZUKI,EECO
MARUTI SUZUKI,800
MARUTI SUZUKI,CELERIO X
MARUTI SUZUKI,S-CROSS
MARUTI SUZUKI,SWIFT DZIRE
MARUTI SUZUKI,WAGON R 1.0
MARUTI SUZUKI,ZEN ESTILO
MARUTI SUZUKI,SX4
MARUTI SUZUKI,CIAZ
MARUTI SUZUKI,RITZ
MARUTI SUZUKI,KIZASHI
MARUTI SUZUKI,STINGRAY
MARUTI SUZUKI,A-STAR
MARUTI SUZUKI,OMNI
MARUTI SUZUKI,ALTO
MARUTI SUZUKI,GYPSY
MARUTI SUZUKI,1000
MARUTI SUZUKI,ESTEEM
MARUTI SUZUKI,VERSA
MARUTI SUZUKI,ZEN
MASERATI,LEVANTE
MASERATI,QUATTROPORTE
MASERATI,GRANTURISMO
MASERATI,GHIBLI
MASERATI,GRANCABRIO
MASERATI,MC20
MASERATI,GRANTURISMO (2009)
MAYBACH,62
MAYBACH,57
MAYBACH,57 S
MAZDA,MIATA
MAZDA,SENTIA
MAZDA,RX-8
MCLAREN,720S
MCLAREN,GT
MCLAREN,750S
MEAN METAL MOTORS,AZANI
MERCEDES-BENZ,CLA
MERCEDES-BENZ,E-250
MERCEDES-BENZ,B-CLASS
MERCEDES-BENZ,E-CLASS
MERCEDES-BENZ,MB-CLASS
MERCEDES-BENZ,R-CLASS
MERCEDES-BENZ,C-CLASS
MERCEDES-BENZ,M-CLASS
MERCEDES-BENZ,SDL
MERCEDES-BENZ,VIANO
MERCEDES-BENZ,S-COUPE
MERCEDES-BENZ,A-CLASS
MERCEDES-BENZ,GLE
MERCEDES-BENZ,E-CLASS CABRIOLET
MERCEDES-BENZ,S-CLASS
MERCEDES-BENZ,AMG GT
MERCEDES-BENZ,CLS
MERCEDES-BENZ,GLA
MERCEDES-BENZ,A-CLASS LIMOUSINE
MERCEDES-BENZ,AMG A45 S
MERCEDES-BENZ,MAYBACH GLS
MERCEDES-BENZ,AMG GT 63 S 4MATIC PLUS
MERCEDES-BENZ,AMG GLC43 COUPE
MERCEDES-BENZ,GLC COUPE
MERCEDES-BENZ,EQC
MERCEDES-BENZ,AMG GLE COUPE
MERCEDES-BENZ,GLS
MERCEDES-BENZ,C-CLASS CABRIOLET
MERCEDES-BENZ,G-CLASS
MERCEDES-BENZ,GL
MERCEDES-BENZ,AMG A35
MERCEDES-BENZ,AMG GLA35
MERCEDES-BENZ,AMG E53
MERCEDES-BENZ,AMG E63
MERCEDES-BENZ,S-CLASS (W222)
MERCEDES-BENZ,GLC
MERCEDES-BENZ,AMG E53 CABRIOLET
MERCEDES-BENZ,EQE SUV
MERCEDES-BENZ,AMG C 43
MERCEDES-BENZ,AMG SL55 ROADSTER
MERCEDES-BENZ,AMG GT 63 S E PERFORMANCE
MERCEDES-BENZ,SL
MERCEDES-BENZ,SLK-CLASS
MERCEDES-BENZ,G-CLASS WITH EQ POWER
MERCEDES-BENZ,NEW E-CLASS
MERCEDES-BENZ,SLS AMG
MERCEDES-BENZ,E-CLASS ALL TERRAIN
MERCEDES-BENZ,W123
MERCEDES-BENZ,200
MERCEDES-BENZ,MB 100
MERCEDES-BENZ,V-CLASS
MERCEDES-BENZ,GLE COUPE
MERCEDES-BENZ,190
MERCEDES-BENZ,SLK
MERCEDES-BENZ,MAYBACH S-CLASS
MERCEDES-BENZ,CLK
MERCEDES-BENZ,S-CLASS CABRIOLET
MERCEDES-BENZ,GLB
MERCEDES-BENZ,C-COUPE
MERCEDES-BENZ,SLC
MERCEDES-BENZ,AMG EQS
MERCEDES-BENZ,EQS
MERCEDES-BENZ,EQB
MITSUBISHI,PAJERO
MITSUBISHI,LANCER
MITSUBISHI,CHALLENGER
MITSUBISHI,OUTLANDER
MITSUBISHI,MONTERO
MITSUBISHI,CEDIA
MITSUBISHI,PAJERO SPORT
MITSUBISHI,LANCER EVOLUTION
MITSUBISHI,GTO
MITSUBISHI,GALANT
MITSUBISHI,FTO
MORRIS,MINOR
NISSAN,EVALIA
NISSAN,SUNNY
NISSAN,MICRA
NISSAN,NV350
NISSAN,LAUREL
NISSAN,370Z
NISSAN,MAGNITE FACELIFT
NISSAN,SERENA
NISSAN,GLORIA
NISSAN,CIMA
NISSAN,FAIRLADY 300 ZX
NISSAN,CEDRIC
NISSAN,MAGNITE
NISSAN,X-TRAIL
NISSAN,MICRA ACTIVE
NISSAN,TERRANO
NISSAN,MURANO
NISSAN,INFINITI
NISSAN,TEANA
NISSAN,SAFARI GRANROAD
NISSAN,BLUEBIRD
NISSAN,350Z
NISSAN,PATROL
NISSAN,JONGA
NISSAN,KICKS
NISSAN,GT-R
OPEL,CORSA
OPEL,VECTRA
OPEL,ASTRA
PEUGEOT,309
PONTIAC,BONNEVILLE
PORSCHE,PANAMERA
PORSCHE,CAYENNE COUPE
PORSCHE,MACAN
PORSCHE,911
PORSCHE,CAYMAN
PORSCHE,718
PORSCHE,CAYENNE
PORSCHE,CARRERA GT
PORSCHE,TAYCAN CROSS TURISMO
PORSCHE,BOXSTER
PORSCHE,TAYCAN
PORSCHE,MACAN TURBO EV
PREMIER,118 NE
PREMIER,PADMINI
PREMIER,RIO
PREMIER,138 D
RENAULT,TRIBER
RENAULT,KWID
RENAULT,LODGY
RENAULT,SCALA
RENAULT,DUSTER
RENAULT,PULSE
RENAULT,SCENIC
RENAULT,FLUENCE
RENAULT,KOLEOS
RENAULT,KIGER
RENAULT,CAPTUR
RENAULT,MEGANE
ROLLS-ROYCE,GHOST SERIES II
ROLLS-ROYCE,GHOST
ROLLS-ROYCE,DAWN
ROLLS-ROYCE,SPECTRE
ROLLS-ROYCE,PHANTOM
ROLLS-ROYCE,WRAITH
ROLLS-ROYCE,CULLINAN
ROLLS-ROYCE,PHANTOM COUPE
ROLLS-ROYCE,DROPHEAD COUPE
SAN,STORM
SIPANI,MONTEGO
SKODA,KUSHAQ
SKODA,OCTAVIA
SKODA,FABIA SCOUT
SKODA,FABIA
SKODA,LAURA
SKODA,OCTAVIA COMBI
SKODA,KODIAQ
SKODA,SLAVIA
SKODA,SUPERB
SKODA,YETI
SKODA,RAPID
SKODA,ENYAQ
SKODA,OCTAVIA FACELIFT
SKODA,NEW KODIAQ
SKODA,RAPID TSI
SKODA,KAROQ
SKODA,OCTAVIA RS 245
SSANGYONG,REXTON
STUDEBAKER,CHAMPION
SUBARU,J10
SUBARU,IMPREZA
TATA,NEXON
TATA,ALTROZ
TATA,SUMO GRANDE MK II
TATA,MANZA
TATA,HARRIER OLD GENERATION
TATA,VENTURE
TATA,INDIGO ECS
TATA,INDICA V2
TATA,WINGER
TATA,NANO
TATA,ARIA
TATA,SAFARI OLD GENERATION
TATA,HEXA
TATA,SUMO VICTA
TATA,TIGOR
TATA,INDIGO MARINA
TATA,HARRIER
TATA,INDIGO
TATA,SAFARI
TATA,SIERRA
TATA,SUMO SPACIO
TATA,ESTATE
TATA,TL
TATA,INDICA
TATA,SUMO
TATA,PUNCH FACELIFT
TATA,HARRIER EV
TATA,CURVV EV
TATA,TIGOR JTP
TATA,TIAGO JTP
TATA,TIAGO NRG
TATA,XENON XT
TATA,CURVV
TATA,PUNCH EV
TATA,INDICAB
TATA,INDICA VISTA
TATA,SUMO GRANDE
TATA,NEXON EV
TATA,INDIGO CS
TATA,INDIGO XL
TATA,TIGOR EV
TATA,PUNCH
TATA,SUMO GOLD
TATA,MOVUS
TATA,VISTA TECH
TATA,ZEST
TATA,NANO GENX
TATA,BOLT
TATA,TIAGO
TATA,SAFARI STORME 2019
TATA,INDICA EV2
TATA,TIAGO EV
TATA,NEXON EV MAX
TATA,SAFARI STORME
TATA,NEXON EV PRIME
TOYOTA,COROLLA
TOYOTA,ETIOS
TOYOTA,HIACE
TOYOTA,VELLFIRE
TOYOTA,INNOVA
TOYOTA,PRIUS
TOYOTA,COROLLA ALTIS
TOYOTA,ETIOS LIVA
TOYOTA,INNOVA CRYSTA
TOYOTA,FORTUNER
TOYOTA,URBAN CRUISER
TOYOTA,URBAN CRUISER TAISOR
TOYOTA,LAND CRUISER PRADO
TOYOTA,QUALIS
TOYOTA,GLANZA
TOYOTA,PLATINUM ETIOS
TOYOTA,URBAN CRUISER HYRYDER
TOYOTA,LAND CRUISER
TOYOTA,VENTURY
TOYOTA,CAMRY
TOYOTA,INNOVA HYCROSS
TOYOTA,TERCEL
TOYOTA,HILUX
TOYOTA,ESTIMA
TOYOTA,CROWN
TOYOTA,RUMION
TOYOTA,FJ CRUISER
TOYOTA,CRESSIDA
TOYOTA,MAJESTA
TOYOTA,YARIS
TOYOTA,ETIOS CROSS
TOYOTA,ALPHARD
TOYOTA,CYNOS
TOYOTA,CRESTA
TOYOTA,LEXUS
TOYOTA,FORTUNER LEGENDER
TOYOTA,COMMUTER
TOYOTA,MASTERACE
TOYOTA,COROLLA CERES
TOYOTA,MARK II
TOYOTA,RAV-4
TOYOTA,MR2
TOYOTA,SERA
TOYOTA,CELICA
TOYOTA,CORONA
TOYOTA,COROLLA LEVIN
TOYOTA,ALPHARD 2017
VINFAST,VF6
VOLKSWAGEN,POLO
VOLKSWAGEN,CROSS POLO
VOLKSWAGEN,PASSAT
VOLKSWAGEN,VENTO
VOLKSWAGEN,JETTA
VOLKSWAGEN,TIGUAN
VOLKSWAGEN,VIRTUS
VOLKSWAGEN,CARAVELLE
VOLKSWAGEN,1600
VOLKSWAGEN,TOUAREG
VOLKSWAGEN,TRANSPORTER
VOLKSWAGEN,T-ROC
VOLKSWAGEN,TAIGUN
VOLKSWAGEN,ID.4
VOLKSWAGEN,AMEO
VOLKSWAGEN,BEETLE
VOLKSWAGEN,TIGUAN ALLSPACE
VOLKSWAGEN,GTI
VOLKSWAGEN,PHAETON
VOLVO,S60
VOLVO,XC90
VOLVO,S80
VOLVO,S90
VOLVO,V40
VOLVO,XC60
VOLVO,S40
VOLVO,V40 CROSS COUNTRY
VOLVO,XC40 RECHARGE
VOLVO,XC40
VOLVO,V70
VOLVO,C40 RECHARGE
VOLVO,V90 CROSS COUNTRY
WILLYS,CJ-5
WILLYS,CJ3B
WILLYS,MB
